{"train/loss": 2.099, "train/learning_rate": 1.0741358493907006e-08, "train/epoch": 10.0, "train/global_step": 650, "_timestamp": 1691117056.1106348, "_runtime": 17405.836161851883, "_step": 669, "eval/loss": 2.03548526763916, "eval/runtime": 102.8763, "eval/samples_per_second": 4.607, "eval/steps_per_second": 0.292, "train/train_runtime": 17405.8484, "train/train_samples_per_second": 0.596, "train/train_steps_per_second": 0.037, "train/total_flos": 5.2279929453163315e+17, "train/train_loss": 2.0761876982908984, "_wandb": {"runtime": 17405}}