{"train/loss": 2.4927, "train/learning_rate": 0.00029955262896727894, "train/epoch": 0.35, "train/global_step": 13, "_timestamp": 1691154626.903396, "_runtime": 321.350439786911, "_step": 12, "_wandb": {"runtime": 344}}