{"train/loss": 1.9073, "train/learning_rate": 9.378307691776389e-09, "train/epoch": 10.0, "train/global_step": 820, "_timestamp": 1691194832.4540684, "_runtime": 22275.715534448624, "_step": 840, "eval/loss": 2.1159234046936035, "eval/runtime": 124.3755, "eval/samples_per_second": 4.43, "eval/steps_per_second": 0.281, "train/train_runtime": 22275.7307, "train/train_samples_per_second": 0.585, "train/train_steps_per_second": 0.037, "train/total_flos": 6.559698559838454e+17, "train/train_loss": 2.02557961650011, "_wandb": {"runtime": 22275}}