{"train/loss": 2.0922, "train/learning_rate": 5.201354728517904e-09, "train/epoch": 10.0, "train/global_step": 1100, "_timestamp": 1691224488.8542306, "_runtime": 29579.42364358902, "_step": 1120, "eval/loss": 2.161158323287964, "eval/runtime": 152.7997, "eval/samples_per_second": 4.509, "eval/steps_per_second": 0.288, "train/train_runtime": 29579.4384, "train/train_samples_per_second": 0.593, "train/train_steps_per_second": 0.037, "train/total_flos": 8.830703718489784e+17, "train/train_loss": 2.0943760683319788, "_wandb": {"runtime": 29579}}