{"train/loss": 2.0921, "train/learning_rate": 8.322288771178688e-10, "train/epoch": 10.0, "train/global_step": 1100, "_timestamp": 1691283974.1666765, "_runtime": 29156.054107427597, "_step": 1120, "eval/loss": 2.162236213684082, "eval/runtime": 151.2685, "eval/samples_per_second": 4.555, "eval/steps_per_second": 0.291, "train/train_runtime": 29156.0662, "train/train_samples_per_second": 0.602, "train/train_steps_per_second": 0.038, "train/total_flos": 8.825105146075546e+17, "train/train_loss": 2.0851783188906583, "_wandb": {"runtime": 29155}}