{"train/loss": 1.928, "train/learning_rate": 4.604165524423332e-08, "train/epoch": 10.0, "train/global_step": 370, "_timestamp": 1691172488.8100555, "_runtime": 10129.280621528625, "_step": 389, "eval/loss": 2.114665985107422, "eval/runtime": 57.7649, "eval/samples_per_second": 4.414, "eval/steps_per_second": 0.277, "train/train_runtime": 10129.2931, "train/train_samples_per_second": 0.584, "train/train_steps_per_second": 0.037, "train/total_flos": 2.9785656588867994e+17, "train/train_loss": 2.1293209913614635, "_wandb": {"runtime": 10129}}