{"train/loss": 2.0932, "train/learning_rate": 6.444815096344203e-09, "train/epoch": 10.0, "train/global_step": 650, "_timestamp": 1691774590.9708238, "_runtime": 19373.77872276306, "_step": 669, "eval/loss": 2.0947799682617188, "eval/runtime": 100.3694, "eval/samples_per_second": 8.668, "eval/steps_per_second": 0.279, "train/train_runtime": 19373.791, "train/train_samples_per_second": 1.067, "train/train_steps_per_second": 0.034, "train/total_flos": 6.291234825004646e+17, "train/train_loss": 2.1401299755389873, "_wandb": {"runtime": 19373}}